{
    "$schema": "https://schema.management.azure.com/schemas/2019-04-01/deploymentTemplate.json#",
    "contentVersion": "1.0.0.0",
    "parameters": {
        "sites_api_tattooists_list_name": {
            "defaultValue": "api-tattooists-list",
            "type": "String"
        },
        "serverfarms_ASP_lesgorgones_9ca4_externalid": {
            "defaultValue": "/subscriptions/23ae836b-3ff1-4acb-b355-8bcbec64ee62/resourceGroups/les-gorgones/providers/Microsoft.Web/serverfarms/ASP-lesgorgones-9ca4",
            "type": "String"
        }
    },
    "variables": {},
    "resources": [
        {
            "type": "Microsoft.Web/sites",
            "apiVersion": "2022-09-01",
            "name": "[parameters('sites_api_tattooists_list_name')]",
            "location": "France Central",
            "tags": {
                "hidden-link: /app-insights-resource-id": "/subscriptions/23ae836b-3ff1-4acb-b355-8bcbec64ee62/resourceGroups/les-gorgones/providers/Microsoft.Insights/components/api-tattooists-list"
            },
            "kind": "functionapp,linux",
            "properties": {
                "enabled": true,
                "hostNameSslStates": [
                    {
                        "name": "[concat(parameters('sites_api_tattooists_list_name'), '.azurewebsites.net')]",
                        "sslState": "Disabled",
                        "hostType": "Standard"
                    },
                    {
                        "name": "[concat(parameters('sites_api_tattooists_list_name'), '.scm.azurewebsites.net')]",
                        "sslState": "Disabled",
                        "hostType": "Repository"
                    }
                ],
                "serverFarmId": "[parameters('serverfarms_ASP_lesgorgones_9ca4_externalid')]",
                "reserved": true,
                "isXenon": false,
                "hyperV": false,
                "vnetRouteAllEnabled": false,
                "vnetImagePullEnabled": false,
                "vnetContentShareEnabled": false,
                "siteConfig": {
                    "numberOfWorkers": 1,
                    "defaultDocuments": [
                        "Default.htm",
                        "Default.html",
                        "Default.asp",
                        "index.htm",
                        "index.html",
                        "iisstart.htm",
                        "default.aspx",
                        "index.php"
                    ],
                    "netFrameworkVersion": "v4.0",
                    "linuxFxVersion": "Node|18",
                    "requestTracingEnabled": false,
                    "remoteDebuggingEnabled": false,
                    "httpLoggingEnabled": false,
                    "acrUseManagedIdentityCreds": false,
                    "logsDirectorySizeLimit": 35,
                    "detailedErrorLoggingEnabled": false,
                    "use32BitWorkerProcess": false,
                    "webSocketsEnabled": false,
                    "alwaysOn": false,
                    "managedPipelineMode": "Integrated",
                    "virtualApplications": [
                        {
                            "virtualPath": "/",
                            "physicalPath": "site\\wwwroot",
                            "preloadEnabled": false
                        }
                    ],
                    "loadBalancing": "LeastRequests",
                    "autoHealEnabled": false,
                    "vnetRouteAllEnabled": false,
                    "vnetPrivatePortsCount": 0,
                    "publicNetworkAccess": "Enabled",
                    "cors": {
                        "allowedOrigins": [
                            "https://portal.azure.com"
                        ],
                        "supportCredentials": false
                    },
                    "localMySqlEnabled": false,
                    "scmIpSecurityRestrictionsUseMain": false,
                    "http20Enabled": false,
                    "minTlsVersion": "1.2",
                    "scmMinTlsVersion": "1.2",
                    "ftpsState": "FtpsOnly",
                    "preWarmedInstanceCount": 0,
                    "functionAppScaleLimit": 200,
                    "functionsRuntimeScaleMonitoringEnabled": false,
                    "minimumElasticInstanceCount": 0,
                    "azureStorageAccounts": {}
                },
                "scmSiteAlsoStopped": false,
                "clientAffinityEnabled": false,
                "clientCertEnabled": false,
                "clientCertMode": "Required",
                "hostNamesDisabled": false,
                "customDomainVerificationId": "D3B20B3959DD3F94BC171CDB9E8F910AEAD6154BD8B94BEB111A5CCBE885B0A0",
                "containerSize": 1536,
                "dailyMemoryTimeQuota": 0,
                "httpsOnly": true,
                "redundancyMode": "None",
                "publicNetworkAccess": "Enabled",
                "storageAccountRequired": false,
                "keyVaultReferenceIdentity": "SystemAssigned"
            }
        },
        {
            "type": "Microsoft.Web/sites/basicPublishingCredentialsPolicies",
            "apiVersion": "2022-09-01",
            "name": "[concat(parameters('sites_api_tattooists_list_name'), '/ftp')]",
            "location": "France Central",
            "dependsOn": [
                "[resourceId('Microsoft.Web/sites', parameters('sites_api_tattooists_list_name'))]"
            ],
            "tags": {
                "hidden-link: /app-insights-resource-id": "/subscriptions/23ae836b-3ff1-4acb-b355-8bcbec64ee62/resourceGroups/les-gorgones/providers/Microsoft.Insights/components/api-tattooists-list"
            },
            "properties": {
                "allow": true
            }
        },
        {
            "type": "Microsoft.Web/sites/basicPublishingCredentialsPolicies",
            "apiVersion": "2022-09-01",
            "name": "[concat(parameters('sites_api_tattooists_list_name'), '/scm')]",
            "location": "France Central",
            "dependsOn": [
                "[resourceId('Microsoft.Web/sites', parameters('sites_api_tattooists_list_name'))]"
            ],
            "tags": {
                "hidden-link: /app-insights-resource-id": "/subscriptions/23ae836b-3ff1-4acb-b355-8bcbec64ee62/resourceGroups/les-gorgones/providers/Microsoft.Insights/components/api-tattooists-list"
            },
            "properties": {
                "allow": true
            }
        },
        {
            "type": "Microsoft.Web/sites/config",
            "apiVersion": "2022-09-01",
            "name": "[concat(parameters('sites_api_tattooists_list_name'), '/web')]",
            "location": "France Central",
            "dependsOn": [
                "[resourceId('Microsoft.Web/sites', parameters('sites_api_tattooists_list_name'))]"
            ],
            "tags": {
                "hidden-link: /app-insights-resource-id": "/subscriptions/23ae836b-3ff1-4acb-b355-8bcbec64ee62/resourceGroups/les-gorgones/providers/Microsoft.Insights/components/api-tattooists-list"
            },
            "properties": {
                "numberOfWorkers": 1,
                "defaultDocuments": [
                    "Default.htm",
                    "Default.html",
                    "Default.asp",
                    "index.htm",
                    "index.html",
                    "iisstart.htm",
                    "default.aspx",
                    "index.php"
                ],
                "netFrameworkVersion": "v4.0",
                "linuxFxVersion": "Node|18",
                "requestTracingEnabled": false,
                "remoteDebuggingEnabled": false,
                "httpLoggingEnabled": false,
                "acrUseManagedIdentityCreds": false,
                "logsDirectorySizeLimit": 35,
                "detailedErrorLoggingEnabled": false,
                "publishingUsername": "$api-tattooists-list",
                "scmType": "None",
                "use32BitWorkerProcess": false,
                "webSocketsEnabled": false,
                "alwaysOn": false,
                "managedPipelineMode": "Integrated",
                "virtualApplications": [
                    {
                        "virtualPath": "/",
                        "physicalPath": "site\\wwwroot",
                        "preloadEnabled": false
                    }
                ],
                "loadBalancing": "LeastRequests",
                "experiments": {
                    "rampUpRules": []
                },
                "autoHealEnabled": false,
                "vnetRouteAllEnabled": false,
                "vnetPrivatePortsCount": 0,
                "publicNetworkAccess": "Enabled",
                "cors": {
                    "allowedOrigins": [
                        "https://portal.azure.com"
                    ],
                    "supportCredentials": false
                },
                "localMySqlEnabled": false,
                "ipSecurityRestrictions": [
                    {
                        "ipAddress": "Any",
                        "action": "Allow",
                        "priority": 2147483647,
                        "name": "Allow all",
                        "description": "Allow all access"
                    }
                ],
                "scmIpSecurityRestrictions": [
                    {
                        "ipAddress": "Any",
                        "action": "Allow",
                        "priority": 2147483647,
                        "name": "Allow all",
                        "description": "Allow all access"
                    }
                ],
                "scmIpSecurityRestrictionsUseMain": false,
                "http20Enabled": false,
                "minTlsVersion": "1.2",
                "scmMinTlsVersion": "1.2",
                "ftpsState": "FtpsOnly",
                "preWarmedInstanceCount": 0,
                "functionAppScaleLimit": 200,
                "functionsRuntimeScaleMonitoringEnabled": false,
                "minimumElasticInstanceCount": 0,
                "azureStorageAccounts": {}
            }
        },
        {
            "type": "Microsoft.Web/sites/functions",
            "apiVersion": "2022-09-01",
            "name": "[concat(parameters('sites_api_tattooists_list_name'), '/httpTrigger')]",
            "location": "France Central",
            "dependsOn": [
                "[resourceId('Microsoft.Web/sites', parameters('sites_api_tattooists_list_name'))]"
            ],
            "properties": {
                "script_href": "https://api-tattooists-list.azurewebsites.net/admin/vfs/home/site/wwwroot/httpTrigger.js",
                "test_data_href": "https://api-tattooists-list.azurewebsites.net/admin/vfs/tmp/FunctionsData/httpTrigger.dat",
                "href": "https://api-tattooists-list.azurewebsites.net/admin/functions/httpTrigger",
                "config": {},
                "invoke_url_template": "https://api-tattooists-list.azurewebsites.net/api/httptrigger",
                "language": "node",
                "isDisabled": false
            }
        },
        {
            "type": "Microsoft.Web/sites/hostNameBindings",
            "apiVersion": "2022-09-01",
            "name": "[concat(parameters('sites_api_tattooists_list_name'), '/', parameters('sites_api_tattooists_list_name'), '.azurewebsites.net')]",
            "location": "France Central",
            "dependsOn": [
                "[resourceId('Microsoft.Web/sites', parameters('sites_api_tattooists_list_name'))]"
            ],
            "properties": {
                "siteName": "api-tattooists-list",
                "hostNameType": "Verified"
            }
        }
    ]
}